{
  "project_info": {
    "project_number": "385811252779",
    "firebase_url": "https://suwanena-default-rtdb.firebaseio.com",
    "project_id": "suwanena",
    "storage_bucket": "suwanena.appspot.com"
  },
  "client": [
    {
      "client_info": {
        "mobilesdk_app_id": "1:385811252779:android:78a837b845446d55778c6e",
        "android_client_info": {
          "package_name": "com.aditya.chatit"
        }
      },
      "oauth_client": [
        {
          "client_id": "385811252779-bt0ek0p6i6s2k4si9v6isv7a7asbl86l.apps.googleusercontent.com",
          "client_type": 3
        }
      ],
      "api_key": [
        {
          "current_key": "AIzaSyD-gtubmmCc-Qmn0fmivP4YXhv0HYn6AQ0"
        }
      ],
      "services": {
        "appinvite_service": {
          "other_platform_oauth_client": [
            {
              "client_id": "385811252779-bt0ek0p6i6s2k4si9v6isv7a7asbl86l.apps.googleusercontent.com",
              "client_type": 3
            }
          ]
        }
      }
    },
    {
      "client_info": {
        "mobilesdk_app_id": "1:385811252779:android:a96d4d681c398195778c6e",
        "android_client_info": {
          "package_name": "com.ds.chatit"
        }
      },
      "oauth_client": [
        {
          "client_id": "385811252779-bt0ek0p6i6s2k4si9v6isv7a7asbl86l.apps.googleusercontent.com",
          "client_type": 3
        }
      ],
      "api_key": [
        {
          "current_key": "AIzaSyD-gtubmmCc-Qmn0fmivP4YXhv0HYn6AQ0"
        }
      ],
      "services": {
        "appinvite_service": {
          "other_platform_oauth_client": [
            {
              "client_id": "385811252779-bt0ek0p6i6s2k4si9v6isv7a7asbl86l.apps.googleusercontent.com",
              "client_type": 3
            }
          ]
        }
      }
    },
    {
      "client_info": {
        "mobilesdk_app_id": "1:385811252779:android:55a61b52729faf74778c6e",
        "android_client_info": {
          "package_name": "com.dsmini.chatapp"
        }
      },
      "oauth_client": [
        {
          "client_id": "385811252779-bt0ek0p6i6s2k4si9v6isv7a7asbl86l.apps.googleusercontent.com",
          "client_type": 3
        }
      ],
      "api_key": [
        {
          "current_key": "AIzaSyD-gtubmmCc-Qmn0fmivP4YXhv0HYn6AQ0"
        }
      ],
      "services": {
        "appinvite_service": {
          "other_platform_oauth_client": [
            {
              "client_id": "385811252779-bt0ek0p6i6s2k4si9v6isv7a7asbl86l.apps.googleusercontent.com",
              "client_type": 3
            }
          ]
        }
      }
    },
    {
      "client_info": {
        "mobilesdk_app_id": "1:385811252779:android:70bc7e812234dad8778c6e",
        "android_client_info": {
          "package_name": "com.dsmini.universityitschool"
        }
      },
      "oauth_client": [
        {
          "client_id": "385811252779-bt0ek0p6i6s2k4si9v6isv7a7asbl86l.apps.googleusercontent.com",
          "client_type": 3
        }
      ],
      "api_key": [
        {
          "current_key": "AIzaSyD-gtubmmCc-Qmn0fmivP4YXhv0HYn6AQ0"
        }
      ],
      "services": {
        "appinvite_service": {
          "other_platform_oauth_client": [
            {
              "client_id": "385811252779-bt0ek0p6i6s2k4si9v6isv7a7asbl86l.apps.googleusercontent.com",
              "client_type": 3
            }
          ]
        }
      }
    },
    {
      "client_info": {
        "mobilesdk_app_id": "1:385811252779:android:76797c6cc89884e4778c6e",
        "android_client_info": {
          "package_name": "com.example.covid"
        }
      },
      "oauth_client": [
        {
          "client_id": "385811252779-bt0ek0p6i6s2k4si9v6isv7a7asbl86l.apps.googleusercontent.com",
          "client_type": 3
        }
      ],
      "api_key": [
        {
          "current_key": "AIzaSyD-gtubmmCc-Qmn0fmivP4YXhv0HYn6AQ0"
        }
      ],
      "services": {
        "appinvite_service": {
          "other_platform_oauth_client": [
            {
              "client_id": "385811252779-bt0ek0p6i6s2k4si9v6isv7a7asbl86l.apps.googleusercontent.com",
              "client_type": 3
            }
          ]
        }
      }
    },
    {
      "client_info": {
        "mobilesdk_app_id": "1:385811252779:android:9d2556e5bdb0ca14778c6e",
        "android_client_info": {
          "package_name": "com.gametimer.game_timer"
        }
      },
      "oauth_client": [
        {
          "client_id": "385811252779-ioo21k7cls1lnlvi06hd928hatfs9dm6.apps.googleusercontent.com",
          "client_type": 1,
          "android_info": {
            "package_name": "com.gametimer.game_timer",
            "certificate_hash": "c21167da53aef7b948297386f7080ae1ff06cf73"
          }
        },
        {
          "client_id": "385811252779-bt0ek0p6i6s2k4si9v6isv7a7asbl86l.apps.googleusercontent.com",
          "client_type": 3
        }
      ],
      "api_key": [
        {
          "current_key": "AIzaSyD-gtubmmCc-Qmn0fmivP4YXhv0HYn6AQ0"
        }
      ],
      "services": {
        "appinvite_service": {
          "other_platform_oauth_client": [
            {
              "client_id": "385811252779-bt0ek0p6i6s2k4si9v6isv7a7asbl86l.apps.googleusercontent.com",
              "client_type": 3
            }
          ]
        }
      }
    },
    {
      "client_info": {
        "mobilesdk_app_id": "1:385811252779:android:7527995cbd2248e4778c6e",
        "android_client_info": {
          "package_name": "com.msoftworks.easynotifyapp"
        }
      },
      "oauth_client": [
        {
          "client_id": "385811252779-bt0ek0p6i6s2k4si9v6isv7a7asbl86l.apps.googleusercontent.com",
          "client_type": 3
        }
      ],
      "api_key": [
        {
          "current_key": "AIzaSyD-gtubmmCc-Qmn0fmivP4YXhv0HYn6AQ0"
        }
      ],
      "services": {
        "appinvite_service": {
          "other_platform_oauth_client": [
            {
              "client_id": "385811252779-bt0ek0p6i6s2k4si9v6isv7a7asbl86l.apps.googleusercontent.com",
              "client_type": 3
            }
          ]
        }
      }
    },
    {
      "client_info": {
        "mobilesdk_app_id": "1:385811252779:android:313abe24ba73e6c5778c6e",
        "android_client_info": {
          "package_name": "com.vaibhavmojidra.notificationdemo"
        }
      },
      "oauth_client": [
        {
          "client_id": "385811252779-bt0ek0p6i6s2k4si9v6isv7a7asbl86l.apps.googleusercontent.com",
          "client_type": 3
        }
      ],
      "api_key": [
        {
          "current_key": "AIzaSyD-gtubmmCc-Qmn0fmivP4YXhv0HYn6AQ0"
        }
      ],
      "services": {
        "appinvite_service": {
          "other_platform_oauth_client": [
            {
              "client_id": "385811252779-bt0ek0p6i6s2k4si9v6isv7a7asbl86l.apps.googleusercontent.com",
              "client_type": 3
            }
          ]
        }
      }
    }
  ],
  "configuration_version": "1"
}